N.;Folio;Chip;Direccion;Proyecto
1;50S40280187;AAA0185KDMR;Cl 42 Sur 14 49 Este;C.A.S.C. - VIVIENDA - AOP5
2;50S40280186;AAA0185KDFZ;Cl 42 Sur 14 41 Este;C.A.S.C. - VIVIENDA - AOP5
3;50S40280188;AAA0185KDHK;Cl 42 Sur 14 53 Este;C.A.S.C. - VIVIENDA - AOP5
4;50S40280184;AAA0185KDEP;Cl 42 Sur 14 29 Este;C.A.S.C. - VIVIENDA - AOP5
5;50S40280185;AAA0185KDNX;Cl 42 Sur 14 35;C.A.S.C. - VIVIENDA - AOP5
6;50S40280183;AAA0185KDOM;Cl 42 Sur 14 25 Este;C.A.S.C. - VIVIENDA - AOP5
7;50S40280191;AAA0185KDKC;Cl 42 Sur 14 69 Este;C.A.S.C. - VIVIENDA - AOP5
8;50S40280190;AAA0185KDJZ;CL 42 SUR 14 63 ESTE;C.A.S.C. - VIVIENDA - AOP5
9;50S40280181;AAA0185KDBS;KR 14 ESTE 42 12 SUR;C.A.S.C. - VIVIENDA - AOP5
10;50S40280189;AAA0185KDLF;Cl 42 Sur 14 61 Este;C.A.S.C. - VIVIENDA - AOP5
11;50S40280180;AAA0185KDCN;Kr 14 Este 42 14 Sur;C.A.S.C. - VIVIENDA - AOP5
12;50S00149184;AAA0004DWKC;KR 15 ESTE 42 15 SUR;C.A.S.C. - VIVIENDA - AOP5
13;50S40280182;AAA0185KDDE;Kr 14 Este 42 10 Sur;C.A.S.C. - VIVIENDA - AOP5
14;50C01935332;AAA0248ARAW;CL 27 19B 41;CALLE 26 EDO. UMAÑA
15;50C01935342;AAA0248APYN;CL 27 19B 49;CALLE 26 EDO. UMAÑA
16;50C01935329;AAA0248ARCN;KR 20A 26 48;CALLE 26 EDO. UMAÑA
17;50C01935334;AAA0248ARBS;AC 26 19B 26 IN 1;CALLE 26 EDO. UMAÑA
18;50C01935335;AAA0248APXS;KR 20A 26 58;CALLE 26 EDO. UMAÑA
19;50S40745124;AAA0273XZCX;CL 37 BIS A SUR 2A 29 ESTE LC 8 TO 6;LA COLMENA
20;50S40745125;AAA0273XZDM;CL 37 BIS A SUR 2A 29 ESTE LC 9 TO 6;LA COLMENA
21;50S40745002;AAA0273XTMS;CL 37 BIS A SUR 2A 29 ESTE LC 2;LA COLMENA
22;50S40745123;AAA0273XZBR;CL 37 BIS A SUR 2A 29 ESTE LC 7 TO 6;LA COLMENA
23;50S40745001;AAA0273XTLW;CL 37 BIS A SUR 2A 29 ESTE LC 1;LA COLMENA
24;50S40745126;AAA0273XZEA;CL 37 BIS A SUR 2A 29 ESTE LC 10 TO 6;LA COLMENA
25;50S40745122;AAA0273XZAF;CL 37 BIS A SUR 2A 29 ESTE LC 6 TO 6;LA COLMENA
26;50S40745003;AAA0273XTNN;CL 37 BIS A SUR 2A 29 ESTE LC 3;LA COLMENA
27;50S40745120;AAA0273XYYN;CL 37 BIS A SUR 2A 29 ESTE LC 4 TO 6;LA COLMENA
28;50S40745121;AAA0273XYZE;CL 37 BIS A SUR 2A 29 ESTE LC 5 TO 6;LA COLMENA
29;50C00477342;AAA0032XYDM;CL 2A 4 31;LAS CRUCES
30;50C00721714;AAA0029HTYN;CL 24A 13A 41 AP 102;ESTACIÓN CENTRAL
31;50C00235241;AAA0029HSZM;AK 14 24 06 AP 201;ESTACIÓN CENTRAL
32;50C01414779;AAA0029HROM;CL 24B 13A 27;ESTACIÓN CENTRAL
33;50C00325636;AAA0029HUEA;CL 24A 13A 17 AP 102;ESTACIÓN CENTRAL
34;50C00493317;AAA0029HRNX;CL 24B 13A 39;ESTACIÓN CENTRAL
35;50C01177884;AAA0029HRPA;CL 24B 13A 19;ESTACIÓN CENTRAL
36;50C00725799;AAA0029HRRJ;KR 13A 24A 47;ESTACIÓN CENTRAL
37;50C00505643;AAA0029HRSY;KR 13A 24A 35;ESTACIÓN CENTRAL
38;50C00286258;AAA0029HRTD;KR 13A 24A 27;ESTACIÓN CENTRAL
39;50C00601595;AAA0029HRUH;KR 13A 24A 19;ESTACIÓN CENTRAL
40;50C00156037;AAA0029HRWW;KR 13A 24A 13;ESTACIÓN CENTRAL
41;50C01069048;AAA0029HSRU;CL 24 13A 68;ESTACIÓN CENTRAL
42;50C00471933;AAA0029HPDE;CL 24A 13A 26;ESTACIÓN CENTRAL
43;50C00046284;AAA0029HPEP;CL 24A 13A 44;ESTACIÓN CENTRAL
44;50C00185204;AAA0029HPFZ;CL 24A 13A 46;ESTACIÓN CENTRAL
45;50C00651583;AAA0029HPHK;CL 24A 13A 62;ESTACIÓN CENTRAL
46;50C00516350;AAA0029HPLF;CL 24A 13A 70;ESTACIÓN CENTRAL
47;50C00235238;AAA0029HSWF;AK 14 24 18 LC 1;ESTACIÓN CENTRAL
48;50C00360497;AAA0029HTJZ;AK 14 24 28;ESTACIÓN CENTRAL
49;50C00753257;AAA0029HTKC;CL 24A 13A 83;ESTACIÓN CENTRAL
50;50C00140811;AAA0029HTLF;CL 24A 13 A 81;ESTACIÓN CENTRAL
51;50C00026078;AAA0029HTUH;CL 24A 13A 57;ESTACIÓN CENTRAL
52;50C00095440;AAA0029HTWW;CL 24A 13A -49;ESTACIÓN CENTRAL
53;50C00385521;AAA0029HUNN;CL 24A 13A 09 AP 101;ESTACIÓN CENTRAL
54;50C00072612;AAA0029HUXR;KR 13A 24 21 LC 1;ESTACIÓN CENTRAL
55;50C01221153;AAA0029HRXS;CL 24 13A 04;ESTACIÓN CENTRAL
56;50C00439861;AAA0029HRYN;CL 24 13A 12;ESTACIÓN CENTRAL
57;50C00325637;AAA0029HUFT;CL 24A 13A 17 AP 201;ESTACIÓN CENTRAL
58;50C00274863;AAA0029HSMS;CL 24 13A 48;ESTACIÓN CENTRAL
59;50C00072615;AAA0029HUZM;KR 13A 24 27 AP 201;ESTACIÓN CENTRAL
60;50C00010958;AAA0029HPAW;CL 24A 13A 14 AP 402;ESTACIÓN CENTRAL
61;50C00148539;AAA0029HSTO;CL 24 13A-84;ESTACIÓN CENTRAL
62;50C00094376;AAA0029HOUZ;CL 24A 13A 14 AP 201;ESTACIÓN CENTRAL
63;50C00197552;AAA0029HOZM;CL 24A 13A 14 AP 401;ESTACIÓN CENTRAL
64;50C00325638;AAA0029HUHY;CL 24A 13A 17 AP 202;ESTACIÓN CENTRAL
65;50C00325639;AAA0029HUJH;CL 24A 13A 17 AP 301;ESTACIÓN CENTRAL
66;50C00325640;AAA0029HUKL;CL 24A 13A 17 AP 302;ESTACIÓN CENTRAL
67;50C01019078;AAA0029HOLW;KR 13A 25 09 AP 401;ESTACIÓN CENTRAL
68;50C00197554;AAA0029HOXR;CL 24A 13A 14 AP 301;ESTACIÓN CENTRAL
69;50C00171093;AAA0029HOWF;CL 24A 13A 14 AP 202;ESTACIÓN CENTRAL
70;50C00452976;AAA0029HPBS;CL 24A 13A 14 AP 501;ESTACIÓN CENTRAL
71;50C00235239;AAA0029HSXR;AK 14 24 10 LC 2;ESTACIÓN CENTRAL
72;50C00388056;AAA0029HSNN;CL 24 13A 52;ESTACIÓN CENTRAL
73;50C00235242;AAA0029HTAW;AK 14 24 06 AP 202;ESTACIÓN CENTRAL
74;50C00385526;AAA0029HUTO;CL 24A 13A 07 AP 302;ESTACIÓN CENTRAL
75;50C00235233;AAA0029HTCN;AK 14 24 06 AP 302;ESTACIÓN CENTRAL
76;50C00385523;AAA0029HUPP;CL 24A 13A 07 AP 201;ESTACIÓN CENTRAL
77;50C00106428;AAA0029HMAF;AK 14 24B 06;ESTACIÓN CENTRAL
78;50C00197553;AAA0029HOYX;CL 24A 13A 14 AP 302;ESTACIÓN CENTRAL
79;50C00256964;AAA0029HSOE;CL 24 13A 54;ESTACIÓN CENTRAL
80;50C00385522;AAA0029HUOE;CL 24A 13A 07 AP 102;ESTACIÓN CENTRAL
81;50C00501306;AAA0029HRZE;CL 24 13A 16;ESTACIÓN CENTRAL
82;50C00003268;AAA0029HPCN;CL 24A 13A 14 AP 502;ESTACIÓN CENTRAL
83;50C00385527;AAA0029HUUZ;CL 24A 13A 07 AP 401;ESTACIÓN CENTRAL
84;50C01019074;AAA0029HOHY;KR 13A 25 09 LC 2;ESTACIÓN CENTRAL
85;50C00235243;AAA0029HTBS;AK 14 24 06 AP 301;ESTACIÓN CENTRAL
86;50C01019073;AAA0029HOEA;KR 13A 25 09 LC 1;ESTACIÓN CENTRAL
87;50C01019075;AAA0029HOFT;KR 13A 25 09 AP 101;ESTACIÓN CENTRAL
88;50C00350379;AAA0029HRMR;CL 24B 13A 43;ESTACIÓN CENTRAL
89;50C00142387;AAA0029HLZE;CL 24B 13A 36;ESTACIÓN CENTRAL
90;50C00721716;AAA0029HUAF;CL 24A 13A 41 AP 202;ESTACIÓN CENTRAL
91;50C00063424;AAA0029HLYN;CL 24B 13A 26;ESTACIÓN CENTRAL
92;50C00354164;AAA0029HRFZ;CL 24B 13A 77;ESTACIÓN CENTRAL
93;50C00425393;AAA0029HPJZ;CL 24A 13A 66;ESTACIÓN CENTRAL
94;50C00326552;AAA0029HPMR;CL 24A 13A 82;ESTACIÓN CENTRAL
95;50C01335888;AAA0029HOOE;CL 24B 13A 22;ESTACIÓN CENTRAL
96;50C00235755;AAA0029HOSK;CL 24A 13A 14 LC;ESTACIÓN CENTRAL
97;50C00137475;AAA0029HREP;CL 24B 13A 83;ESTACIÓN CENTRAL
98;50C00325635;AAA0029HUDM;CL 24A 13A 17 AP 101;ESTACIÓN CENTRAL
99;50C00027272;AAA0029HRKC;CL 24B 13A 63;ESTACIÓN CENTRAL
100;50C00721718;AAA0029HUCX;CL 24A 13A 41 AP 302;ESTACIÓN CENTRAL
101;50C00500991;AAA0029HRLF;CL 24B 13A 51;ESTACIÓN CENTRAL
102;50C00721715;AAA0029HTZE;CL 24A 13A 41 AP 201;ESTACIÓN CENTRAL
103;50C01335887;AAA0029HLWW;CL 24B 13A 18;ESTACIÓN CENTRAL
104;50C00325642;AAA0029HUMS;CL 24A 13A 17 AP 402;ESTACIÓN CENTRAL
105;50C00083368;AAA0029HORU;CL 24A 13A 04;ESTACIÓN CENTRAL
106;50C00235240;AAA0029HSYX;AK 14 24 02 LC 3;ESTACIÓN CENTRAL
107;50C00235234;AAA0029HTDE;AK 14 24 06 AP 401;ESTACIÓN CENTRAL
108;50C00235235;AAA0029HTEP;AK 14 24 06 AP 402;ESTACIÓN CENTRAL
109;50C00235236;AAA0029HTFZ;AK 14 24 06 AP 501;ESTACIÓN CENTRAL
110;50C00235237;AAA0029HTHK;AK 14 24 06 AP 502;ESTACIÓN CENTRAL
111;50C01019077;AAA0029HOKL;KR 13A 25 09 AP 301;ESTACIÓN CENTRAL
112;50C00003531;AAA0029HSPP;CL 24 13A 58;ESTACIÓN CENTRAL
113;50C00721713;AAA0029HTXS;CL 24A 13A 41 AP 101;ESTACIÓN CENTRAL
114;50C00721717;AAA0029HUBR;CL 24A 13A 41 AP 301;ESTACIÓN CENTRAL
115;50C00325641;AAA0029HULW;CL 24A 13A 17 AP 401;ESTACIÓN CENTRAL
116;50C00529455;AAA0029HSSK;CL 24 13A 72;ESTACIÓN CENTRAL
117;50C00385524;AAA0029HURU;CL 24A 13A 07 AP 202;ESTACIÓN CENTRAL
118;50C00385525;AAA0029HUSK;CL 24A 13A 07 AP 301;ESTACIÓN CENTRAL
119;50C00385528;AAA0029HUWF;CL 24A 13A 07 AP 402;ESTACIÓN CENTRAL
120;50C00072611;AAA0029HUYX;KR 13A 24 37 LC 2;ESTACIÓN CENTRAL
121;50C00072614;AAA0029HWAF;KR 13A 24 27 AP 301;ESTACIÓN CENTRAL
122;50C00072613;AAA0029HWBR;KR 13A 24 27 AP 401;ESTACIÓN CENTRAL
123;50C01451859;AAA0029HWCX;KR 13A 24 27 AP 501;ESTACIÓN CENTRAL
124;50C01019076;AAA0029HOJH;KR 13A 25 09 AP 201;ESTACIÓN CENTRAL
125;50C00035671;AAA0029HOTO;CL 24A 13A 14 AP 101;ESTACIÓN CENTRAL
126;50C00551217;AAA0029HLUH;CL 24B 13A 16;ESTACIÓN CENTRAL
127;50C00592276;AAA0029HLTD;CL 24B 13A 06;ESTACIÓN CENTRAL
128;50C00154015;AAA0029HONN;KR 13A 24B 05;ESTACIÓN CENTRAL
129;50C01244109;AAA0029HOMS;KR 13A 24B 17;ESTACIÓN CENTRAL
130;50C00170035;AAA0029HOCX;KR 13A 25 13;ESTACIÓN CENTRAL
131;50C00307286;AAA0029HRHK;CL 24B 13A 71;ESTACIÓN CENTRAL
132;50C00742343;AAA0029HRJZ;CL 24B 13A 65;ESTACIÓN CENTRAL
133;50C01934171;AAA0248LCWW;RESERVA VIAL INTERSECCIÓN AVENIDA CHILE CON AV COLOMBIA.;LA ESTACIÓN
134;50C00483943;AAA0086PHFT;KR 23 72 01-AREA RESTANTE PREDIO LA ESTACION;LA ESTACIÓN
135;50C01934172;AAA0248LCXS;RESERVA PAR VIAL CRA 23;LA ESTACIÓN
136;50C01930023;AAA0246KSFT;KR 32 19B 10 IN 5 LC 3;LA HOJA
137;50C01930028;AAA0246KSMS;KR 32 19B 10 IN 12 LC 8;LA HOJA
138;50C01930021;AAA0246KSDM;KR 32 19B 10 IN 8 LC 1;LA HOJA
139;50C01930490;AAA0246KSSK;KR 32 19B 10 IN II LC 13;LA HOJA
140;50C01930025;AAA0246KSJH;KR 32 19B 10 IN 2 LC 5;LA HOJA
141;50C01930029;AAA0246KSNN;KR 32 19B 10 IN 11 LC 9;LA HOJA
142;50C01930031;AAA0246KSPP;KR 32 19B 10 IN 11 LC 11;LA HOJA
143;50C01930032;AAA0246KSRU;KR 32 19B 10 IN 11 LC 12;LA HOJA
144;50C01930030;AAA0246KSOE;KR 32 19B 10 IN 11 LC 10;LA HOJA
145;50C01930026;AAA0246KSKL;KR 32 19B 10 IN 1 LC 6;LA HOJA
146;50C01930024;AAA0246KSHY;KR 32 19B 10 IN 3 LC 4;LA HOJA
147;50C01930027;AAA0246KSLW;KR 32 19B 10 IN 1 LC 7;LA HOJA
148;50C01930022;AAA0246KSEA;KR 32 19B 10 IN 7 LC 2;LA HOJA
149;50C01858341;AAA0233RYMR;AC 13 52 60;EL PULPO
150;50S40637132;AAA0249HCSK;KR 95 A # 54 F 10 SUR;CIUDADELA EL PORVENIR
151;50S00062550;AAA0140DEXR;KR 98 53B 07 SUR;CIUDADELA EL PORVENIR
152;50S40300032;AAA0140DEYX;AC 54 SUR 98 07;CIUDADELA EL PORVENIR
153;50S40467507;AAA0191PMFT;KR 97 50B 48 SUR IN 1;PORVENIR MZ - 18
154;50S00914651;AAA0139OHDM;KR 97 50B 48 SUR INT 2;PORVENIR MZ - 18
155;50S40098334;AAA0144ALCX;CL 50B SUR 95 A 82;PORVENIR MZ - 18
156;50S00920704;AAA0045SWFZ;CL 50 B SUR 95 A 78 INT 1.;PORVENIR MZ - 18
157;50S40358740;AAA0162KBCX;CL 69A SUR 92 47;CIUDADELA EL RECREO
158;50C00251210;AAA0032TOTO;CL 5 10A 24;SAN BERNARDO
159;50C00472462;AAA0032SSSY;KR 12 3 82;SAN BERNARDO
160;50C01041496;AAA0032TSEA;KR 11 4 94;SAN BERNARDO
161;50C00500838;AAA0032TYCX;CL 3A 10 69;SAN BERNARDO
162;50C00398404;AAA0032TYAF;KR 10A 3 50;SAN BERNARDO
163;50C00351571;AAA0032SOEP;CL 4 11 46;SAN BERNARDO
164;50C00459617;AAA0032SXEA;KR 11A 3 89;SAN BERNARDO
165;50C01377573;AAA0032SSKC;KR 12 3 62 AP 103;SAN BERNARDO
166;50C01377575;AAA0032SSMR;KR 12 3 62 AP 301;SAN BERNARDO
167;50C00388400;AAA0032TRSY;CL 4 10A 10;SAN BERNARDO
168;50C00965902;AAA0032PWXR;CL 5 12A 66;SAN BERNARDO
169;50C00109092;AAA0032STHY;KR 11B 3 55;SAN BERNARDO
170;50C00235931;AAA0204DEYN;CL 5 10 47 IN 3;SAN BERNARDO
171;50C00418727;AAA0032TSXR;CL 5 10 47 IN 11 0;SAN BERNARDO
172;50C00743590;AAA0032TFHK;KR 11A 3 72;SAN BERNARDO
173;50C01309671;AAA0032SATD;CL 5 12 12;SAN BERNARDO
174;50C00028666;AAA0032SWJZ;CL 3 11A 10;SAN BERNARDO
175;50C01759449;AAA0032TOOE;KR 10A 5 13;SAN BERNARDO
176;50C00996237;AAA0032SAUH;CL 5 12 18;SAN BERNARDO
177;50C00501457;AAA0032SONX;CL 4 11A 44;SAN BERNARDO
178;50C00524380;AAA0032TUUZ;KR 10A 3A 13;SAN BERNARDO
179;50C00570482;AAA0032SRWF;KR 11 4 51;SAN BERNARDO
180;50C00828426;AAA0032TOPP;CL 5 10A 06;SAN BERNARDO
181;50C00492977;AAA0032SOAW;CL 4 11 12;SAN BERNARDO
182;50C00564797;AAA0032SBKL;KR 12 5 29;SAN BERNARDO
183;50C00096762;AAA0032SPMS;KR 12 4A 24;SAN BERNARDO
184;50C01678434;AAA0032TWDM;CL 3A 10 56;SAN BERNARDO
185;50C00234148;AAA0032SRKL;KR 11A 4A 22;SAN BERNARDO
186;50C00578644;AAA0032SAYN;CL 5 12 28;SAN BERNARDO
187;50C00821811;AAA0032TPBS;KR 11 5 02;SAN BERNARDO
188;50C00287628;AAA0032SWMR;CL 3 11A 38;SAN BERNARDO
189;50C00113055;AAA0032STOE;KR 11B 3 21;SAN BERNARDO
190;50C00186930;AAA0032TEWF;CL 3 11 26;SAN BERNARDO
191;50C00801462;AAA0032PXCN;KR 14 5 24;SAN BERNARDO
192;50C00300968;AAA0032TRMR;CL 4 10 46;SAN BERNARDO
193;50C00012693;AAA0032SBEA;CL 5 12 60;SAN BERNARDO
194;50C00621237;AAA0032TRWW;KR 11 4 02;SAN BERNARDO
195;50C00113259;AAA0032SPZM;KR 11A 4A 41;SAN BERNARDO
196;50C00014468;AAA0032SBHY;KR 12A 5 36;SAN BERNARDO
197;50C01818835;AAA0228NETD;KR 12 3 48;SAN BERNARDO
198;50C00231495;AAA0032TUAF;CL 3 10A 14;SAN BERNARDO
199;50C00263630;AAA0032TFTD;KR 11 3 91;SAN BERNARDO
200;50C00066747;AAA0032TSFT;CL 5 10A 49;SAN BERNARDO
201;50C01276362;AAA0032SWPA;KR 11B 3 36;SAN BERNARDO
202;50C00230463;AAA0032SOZE;CL 4A 11A 59;SAN BERNARDO
203;50C00139485;AAA0032TSHY;CL 5 10A 41;SAN BERNARDO
204;50C01316135;AAA0032SWNX;KR 11B 3 24;SAN BERNARDO
205;50C00114762;AAA0032SPBR;CL 4A 11A 40;SAN BERNARDO
206;50C00057750;AAA0032SPJH;CL 4A 11A 94;SAN BERNARDO
207;50C00034510;AAA0032TUDM;KR 11 3 32;SAN BERNARDO
208;50C00362102;AAA0032SWXS;KR 11B 3 86;SAN BERNARDO
209;50C00149741;AAA0032STRU;KR 11B 3 11;SAN BERNARDO
210;50C01292964;AAA0032SNZM;CL 4 11 10;SAN BERNARDO
211;50C01311939;AAA0032SOMR;CL 4 11A 36;SAN BERNARDO
212;50C00566499;AAA0032TUJH;KR 11 3 66;SAN BERNARDO
213;50C00501702;AAA0032SPKL;KR 12 4A 12;SAN BERNARDO
214;50C00097107;AAA0032TUSK;KR 10A 3A 31;SAN BERNARDO
215;50C01273576;AAA0032SPSK;CL 5 11A 61;SAN BERNARDO
216;50C01248445;AAA0032SWZE;CL 4 11A 43;SAN BERNARDO
217;50C00172044;AAA0032SWOM;KR 11B 3 30;SAN BERNARDO
218;50C00164606;AAA0032SOCN;CL 4 11 28;SAN BERNARDO
219;50C00024640;AAA0032TFUH;KR 11 3 81;SAN BERNARDO
220;50C00449779;AAA0032TWAF;KR 10A 3 25;SAN BERNARDO
221;50C00236876;AAA0032SRSK;KR 11 4 75;SAN BERNARDO
222;50C00106626;AAA0032SPRU;KR 12 4A 58;SAN BERNARDO
223;50C01229787;AAA0032TFSY;KR 11 3 95;SAN BERNARDO
224;50C00505573;AAA0032SRZM;KR 11 4 35;SAN BERNARDO
225;50C00142310;AAA0032SXPP;KR 11A 3 11;SAN BERNARDO
226;50C00492021;AAA0032TFFZ;KR 11A 3 60;SAN BERNARDO
227;50C00112217;AAA0032SSCN;CL 3 11B 06;SAN BERNARDO
228;50C00150758;AAA0032TXXS;KR 10A 3 14;SAN BERNARDO
229;50C00379371;AAA0032SAWW;CL 5 12 22;SAN BERNARDO
230;50C00122969;AAA0032STDM;KR 11B 3 81;SAN BERNARDO
231;50C01496885;AAA0032SRAF;KR 11A 4A 35;SAN BERNARDO
232;50C00097457;AAA0032STJH;KR 11B 3 47;SAN BERNARDO
233;50C00089741;AAA0032SRRU;KR 11 4 83;SAN BERNARDO
234;50C01237163;AAA0032SRXR;KR 11 4 47;SAN BERNARDO
235;50C01256677;AAA0032SSOM;KR 12 3 66 IN 1;SAN BERNARDO
236;50C00509044;AAA0032STMS;KR 11B 3 29;SAN BERNARDO
237;50C00336692;AAA0032SSPA;KR 12 3 66;SAN BERNARDO
238;50C00065551;AAA0032STFT;KR 11B 3 63;SAN BERNARDO
239;50C00373977;AAA0032SXDM;KR 11A 3 93;SAN BERNARDO
240;50C00271195;AAA0032SPAF;CL 4A 11A 34;SAN BERNARDO
241;50C00593411;AAA0032TUWF;KR 10A 3A 07;SAN BERNARDO
242;50C00147345;AAA0032TWPP;KR 10A 3A 32;SAN BERNARDO
243;50C00067317;AAA0250KWKC;KR 11A 4A 63;SAN BERNARDO
244;50C00478732;AAA0032TWSK;CL 4 10 71;SAN BERNARDO
245;50C00955783;AAA0032TUPP;CL 4 10A 07;SAN BERNARDO
246;50C00214615;AAA0032SXKL;KR 11A 3 53;SAN BERNARDO
247;50C01337696;AAA0032SRDM;KR 11A 4A 19;SAN BERNARDO
248;50C00546652;AAA0032SPCX;CL 4A 11A 52;SAN BERNARDO
249;50C00797950;AAA0032SRNN;CL 5 11 23;SAN BERNARDO
250;50C00329402;AAA0032SRLW;KR 11A 4A 28;SAN BERNARDO
251;50C00397806;AAA0032SXNN;KR 11A 3 29;SAN BERNARDO
252;50C01377576;AAA0032SSNX;KR 12 3 62 AP 401;SAN BERNARDO
253;50C00797951;AAA0032SROE;CL 5 11 27;SAN BERNARDO
254;50C00043950;AAA0032SOXS;CL 4A 11A 67;SAN BERNARDO
255;50C01281584;AAA0032STNN;KR 11B 3 25;SAN BERNARDO
256;50C00903083;AAA0032TUNN;KR 11 3 98;SAN BERNARDO
257;50C00570893;AAA0032THDE;KR 11 3 17;SAN BERNARDO
258;50C00749399;AAA0032TFOM;CL 4 11 19;SAN BERNARDO
259;50C00542052;AAA0032TSMS;CL 5 10A 15;SAN BERNARDO
260;50C01131841;AAA0032TFEP;KR 11A 3 58;SAN BERNARDO
261;50C00597707;AAA0032SODE;CL 4 11 40;SAN BERNARDO
262;50C01408566;AAA0032TWOE;KR 10A 3A 22;SAN BERNARDO
263;50C00039372;AAA0032SPYX;KR 11A 4A 47;SAN BERNARDO
264;50C00017782;AAA0032SWKC;CL 3 11A 22;SAN BERNARDO
265;50C00780384;AAA0032PXHK;CL 6 12A 47;SAN BERNARDO
266;50C00471566;AAA0032TXRJ;CL 3 10 62;SAN BERNARDO
267;50C00093630;AAA0032TFZE;KR 11 3 53;SAN BERNARDO
268;50C00134378;AAA0032TEZM;KR 11A 3 22;SAN BERNARDO
269;50C01430360;AAA0032TRUH;CL 4 10A 24;SAN BERNARDO
270;50C01377571;AAA0032SSHK;KR 12 3 62 AP 101;SAN BERNARDO
271;50C00032078;AAA0032TFCN;KR 11A 3 38;SAN BERNARDO
272;50C00460166;AAA0032PXNX;KR 12A 5 31;SAN BERNARDO
273;50C00721799;AAA0032SBAF;CL 5 12 36;SAN BERNARDO
274;50C00292677;AAA0032PXBS;KR 14 5 16;SAN BERNARDO
275;50C01443234;AAA0032SOKC;CL 4 11A 22;SAN BERNARDO
276;50C00053640;AAA0032SPFT;CL 4A 11A 70;SAN BERNARDO
277;50C00889951;AAA0032TWLW;CL 3A 10 62 AP 301;SAN BERNARDO
278;50C00387391;AAA0032TUTO;KR 10A 3A 25;SAN BERNARDO
279;50C00090402;AAA0032SBDM;CL 5 12 50;SAN BERNARDO
280;50C00478524;AAA0032TUKL;KR 11 3 74;SAN BERNARDO
281;50C00238206;AAA0032TWNN;KR 10A 3A 16;SAN BERNARDO
282;50C00245136;AAA0032SOUH;KR 12 4 30;SAN BERNARDO
283;50C00338986;AAA0032TYBR;CL 3A 10 73;SAN BERNARDO
284;50C00862573;AAA0032PWWF;CL 5 12A 44;SAN BERNARDO
285;50C00027261;AAA0032TRRJ;CL 4 10A 04;SAN BERNARDO
286;50C00570891;AAA0032TUBR;KR 11 3 10;SAN BERNARDO
287;50C00570892;AAA0194YEJH;KR 11 3 12;SAN BERNARDO
288;50C00566713;AAA0032TWUZ;CL 4 10 55;SAN BERNARDO
289;50C01308122;AAA0032TOXR;CL 5 10A 32;SAN BERNARDO
290;50C00125448;AAA0032TWRU;CL 4 10 81;SAN BERNARDO
291;50C01418188;AAA0032TPDE;KR 11 5 32;SAN BERNARDO
292;50C01898810;AAA0245CFZM;KR 12 5A 13;SAN BERNARDO
293;50C00552340;AAA0032SRJH;KR 11A 4A 16;SAN BERNARDO
294;50C00480786;AAA0032SPPP;KR 12 4A 46;SAN BERNARDO
295;50C00763612;AAA0032SOLF;CL 4 11A 34;SAN BERNARDO
296;50C00372571;AAA0032TSDM;KR 11 4 90;SAN BERNARDO
297;50C00500646;AAA0032TFNX;CL 4 11 25;SAN BERNARDO
298;50C00793495;AAA0032SWTD;KR 11B 3 64;SAN BERNARDO
299;50C00737416;AAA0032STKL;KR 11B 3 37;SAN BERNARDO
300;50C00232576;AAA0032TULW;KR 11 3 82;SAN BERNARDO
301;50C00388553;AAA0032SPDM;CL 4A 11A 54;SAN BERNARDO
302;50C00058630;AAA0032SPOE;KR 12 4A 36;SAN BERNARDO
303;50C00889948;AAA0032TWHY;CL 3A 10 62 IN 101 AP 101;SAN BERNARDO
304;50C00285378;AAA0032TUMS;KR 11 3 88;SAN BERNARDO
305;50C00229498;AAA0032TFKC;KR 11A 3 90;SAN BERNARDO
306;50C00063124;AAA0032SPEA;CL 4A 11A 68;SAN BERNARDO
307;50C01238338;AAA0032SSBS;KR 11 4 23;SAN BERNARDO
308;50C01500446;AAA0153LEJH;CL 5 11A 37;SAN BERNARDO
309;50C00771318;AAA0032TFWW;KR 11 3 73;SAN BERNARDO
310;50C00587444;AAA0032STCX;KR 11B 3 87;SAN BERNARDO
311;50C01262340;AAA0032SOOM;CL 4 11B 16;SAN BERNARDO
312;50C01205761;AAA0032TSBR;KR 11 4 66;SAN BERNARDO
313;50C00199700;AAA0032SORJ;KR 12 4 12;SAN BERNARDO
314;50C00611535;AAA0032TSLW;CL 5 10A 21;SAN BERNARDO
315;50C00022148;AAA0032SOSY;KR 12 4 20;SAN BERNARDO
316;50C00937460;AAA0032SRMS;CL 5 11 31;SAN BERNARDO
317;50C01369983;AAA0032SXCX;CL 4 11A 17;SAN BERNARDO
318;50C00733796;AAA0032TOKL;KR 10A 5 33;SAN BERNARDO
319;50C01423040;AAA0032TOMS;KR 10A 5 23;SAN BERNARDO
320;50C01496552;AAA0032TOLW;KR 10A 5 27;SAN BERNARDO
321;50C00500155;AAA0032TOSK;CL 5 10A 20;SAN BERNARDO
322;50C00888072;AAA0032TWFT;CL 3A 10 62 CN 102;SAN BERNARDO
323;50C01428017;AAA0032TOWF;CL 5 10A 28;SAN BERNARDO
324;50C00640507;AAA0032TTZE;CL 3 10A 08;SAN BERNARDO
325;50C00213528;AAA0032TUOE;CL 4 10A 13;SAN BERNARDO
326;50C00456340;AAA0032TXUH;CL 3 10 78;SAN BERNARDO
327;50C00793362;AAA0032TYDM;CL 3A 10 63;SAN BERNARDO
328;50C01809776;AAA0229NAMS;CL 3 10 72;SAN BERNARDO
329;50C01499510;AAA0032PWRU;CL 5 12A 10;SAN BERNARDO
330;50C00355343;AAA0032PWUZ;CL 5 12A 38;SAN BERNARDO
331;50C01166122;AAA0032SSTD;CL 4 11B 45;SAN BERNARDO
332;50C00433769;AAA0032PXLF;KR 12A 5 47;SAN BERNARDO
333;50C01311896;AAA0032TOJH;KR 10A 5 39;SAN BERNARDO
334;50C00301123;AAA0032SWUH;KR 11B 3 72;SAN BERNARDO
335;50C00150196;AAA0032SWSY;KR 11B 3 58;SAN BERNARDO
336;50C01368757;AAA0032SXJH;KR 11A 3 59;SAN BERNARDO
337;50C00282154;AAA0032SRTO;KR 11 4 71;SAN BERNARDO
338;50C00563889;AAA0032SBCX;CL 5 12 44;SAN BERNARDO
339;50C00015900;AAA0032SXLW;KR 11A 3 47;SAN BERNARDO
340;50C00309153;AAA0032SXMS;KR 11A 3 37;SAN BERNARDO
341;50C00939699;AAA0032THEP;KR 11 3 07;SAN BERNARDO
342;50C01212234;AAA0032TRYN;KR 11 4 28;SAN BERNARDO
343;50C00164691;AAA0032SSRJ;KR 12 3 74;SAN BERNARDO
344;50C00891013;AAA0032TFBS;KR 11A 3 34;SAN BERNARDO
345;50C00323814;AAA0032TEXR;CL 3 11 36;SAN BERNARDO
346;50C00300230;AAA0032TETO;KR 11 3 05;SAN BERNARDO
347;50C00140965;AAA0032PXAW;CL 5 12A 88;SAN BERNARDO
348;50C00478262;AAA0032PXMR;KR 12A 5 41;SAN BERNARDO
349;50C00049383;AAA0032TEYX;KR 11A 3 12;SAN BERNARDO
350;50C00320495;AAA0032TPHK;KR 11 5 64;SAN BERNARDO
351;50C00391081;AAA0032TRPA;CL 4 10 72;SAN BERNARDO
352;50C01065436;AAA0032SRBR;KR 11A 4A 29;SAN BERNARDO
353;50C00529411;AAA0032TRZE;KR 11 4 50;SAN BERNARDO
354;50C01502647;AAA0218BYYX;CL 5 10 63;SAN BERNARDO
355;50C00124675;AAA0032TUCX;KR 11 3 24;SAN BERNARDO
356;50C01193643;AAA0032TFRJ;CL 4 11 05;SAN BERNARDO
357;50C00625387;AAA0032TUEA;KR 11 3 38;SAN BERNARDO
358;50C00396678;AAA0032TUFT;KR 11 3 46;SAN BERNARDO
359;50C00485293;AAA0032TURU;KR 10A 3A 37;SAN BERNARDO
360;50C00888071;AAA0032TWEA;CL 3A 10 62 CN 101;SAN BERNARDO
361;50C00500220;AAA0032TUYX;KR 10A 3 45;SAN BERNARDO
362;50C00658156;AAA0032PXOM;KR 12A 5 19;SAN BERNARDO
363;50C00396873;AAA0032SRCX;KR 11A 4A 23;SAN BERNARDO
364;50C00563454;AAA0032SOBS;CL 4 11 20;SAN BERNARDO
365;50C00215976;AAA0032SSWW;CL 4 11B 25;SAN BERNARDO
366;50C00196387;AAA0032TFDE;KR 11A 3 46;SAN BERNARDO
367;50C00256102;AAA0032TXZE;KR 10A 3 40;SAN BERNARDO
368;50C01647696;AAA0032STAF;CL 4 11B 03;SAN BERNARDO
369;50C00470824;AAA0032TFMR;CL 4 11 39;SAN BERNARDO
370;50C00370930;AAA0032SRHY;KR 11A 4A 10;SAN BERNARDO
371;50C00797277;AAA0032TSJH;CL 5 10A 35;SAN BERNARDO
372;50C00459727;AAA0032SSZE;CL 4 11B 05;SAN BERNARDO
373;50C01232860;AAA0032SOTD;KR 12 4 24;SAN BERNARDO
374;50C01272226;AAA0032TOZM;CL 5 10A 38;SAN BERNARDO
375;50C00867992;AAA0032SWWW;KR 11B 3 78;SAN BERNARDO
376;50C00282654;AAA0032PWYX;CL 5 12A 76;SAN BERNARDO
377;50C00289825;AAA0032SXAF;CL 4 11A 33;SAN BERNARDO
378;50C00275657;AAA0032SXFT;KR 11A 3 79;SAN BERNARDO
379;50C00165188;AAA0032TFAW;KR 11A 3 26;SAN BERNARDO
380;50C00294810;AAA0032SXHY;KR 11A 3 69;SAN BERNARDO
381;50C00004663;AAA0032TXYN;KR 10A 3 22;SAN BERNARDO
382;50C00889949;AAA0032TWJH;CL 3A 10 62 AP 201;SAN BERNARDO
383;50C00080946;AAA0032THBS;KR 11 3 35;SAN BERNARDO
384;50C00052663;AAA0032SSDE;CL 3 11B 10;SAN BERNARDO
385;50C01332288;AAA0032STBR;KR 11B 3 93;SAN BERNARDO
386;50C00229668;AAA0032STPP;KR 11B 3 17;SAN BERNARDO
387;50C01424440;AAA0032SWHK;CL 3 11A 08;SAN BERNARDO
388;50C00573019;AAA0032SRFT;KR 11A 4A 07;SAN BERNARDO
389;50C00925913;AAA0032SWRJ;KR 11B 3 48;SAN BERNARDO
390;50C00494986;AAA0032TUHY;KR 11 3 52;SAN BERNARDO
391;50C01499304;AAA0032SBBR;CL 5 12 40;SAN BERNARDO
392;50C00411197;AAA0032TFLF;KR 11A 3 94;SAN BERNARDO
393;50C01241333;AAA0032TFYN;KR 11 3 59;SAN BERNARDO
394;50C00322989;AAA0032SWLF;CL 3 11A 28;SAN BERNARDO
395;50C01229785;AAA0032TFPA;CL 4 11 13;SAN BERNARDO
396;50C00060027;AAA0032THCN;KR 11 3 25;SAN BERNARDO
397;50C01330866;AAA0032TROM;CL 4 10 64;SAN BERNARDO
398;50C00322923;AAA0032PWZM;CL 5 12A 82;SAN BERNARDO
399;50C00442660;AAA0032TPCN;KR 11 5 22;SAN BERNARDO
400;50C00480748;AAA0032TRTD;CL 4 10A 16;SAN BERNARDO
401;50C00502438;AAA0032PXKC;KR 12A 5 51;SAN BERNARDO
402;50C00500568;AAA0032PWTO;CL 5 12A 30;SAN BERNARDO
403;50C00777083;AAA0032TUXR;KR 10A 3 53;SAN BERNARDO
404;50C00126657;AAA0032SSUH;CL 4 11B 35;SAN BERNARDO
405;50C00065594;AAA0032TRNX;CL 4 10 62;SAN BERNARDO
406;50C01677561;AAA0202ZHSK;CL 5 10 77;SAN BERNARDO
407;50C00889950;AAA0032TWKL;CL 3A 10 62 IN 201 AP 201;SAN BERNARDO
408;50C00199894;AAA0032SOPA;KR 12 4 02;SAN BERNARDO
409;50C00349403;AAA0032SPHY;CL 4A 11A 78;SAN BERNARDO
410;50C00062035;AAA0032TUZM;KR 10A 3 31;SAN BERNARDO
411;50C00761354;AAA0032SRUZ;KR 11 4 57;SAN BERNARDO
412;50C00790589;AAA0032SPLW;KR 12 4A 18;SAN BERNARDO
413;50C00106564;AAA0032SPXR;KR 11A 4A 59;SAN BERNARDO
414;50C00352209;AAA0032TFXS;KR 11 3 67;SAN BERNARDO
415;50C00450604;AAA0032SREA;KR 11A 4A 13;SAN BERNARDO
416;50C00501532;AAA0032SSXS;CL 4 11B 19;SAN BERNARDO
417;50C00634479;AAA0032SSYN;CL 4 11B 15;SAN BERNARDO
418;50C01238555;AAA0032STEA;KR 11B 3 71;SAN BERNARDO
419;50C01818834;AAA0228NESY;KR 12 3 46;SAN BERNARDO
420;50C00015143;AAA0032SBFT;KR 12A 5 02;SAN BERNARDO
421;50C00865314;AAA0032SWYN;CL 4 11A 45;SAN BERNARDO
422;50C01176627;AAA0032SXBR;CL 4 11A 27;SAN BERNARDO
423;50C01377572;AAA0032SSJZ;KR 12 3 62 AP 102;SAN BERNARDO
424;50C00568018;AAA0032TEUZ;CL 3 11 18;SAN BERNARDO
425;50C01377574;AAA0032SSLF;KR 12 3 62 AP 201;SAN BERNARDO
426;50C00036859;AAA0032TWTO;CL 4 10 63;SAN BERNARDO
427;50C00172234;AAA0032TXWW;KR 10A 3 04;SAN BERNARDO
428;50C00106947;AAA0032TPEP;KR 11 5 40;SAN BERNARDO
429;50C00836311;AAA0032SRYX;KR 11 4 43;SAN BERNARDO
430;50C00234218;AAA0032SBMS;KR 12 5 09;SAN BERNARDO
431;50C00298782;AAA0032TFJZ;KR 11A 3 80;SAN BERNARDO
432;50C00293033;AAA0032SOYN;CL 4A 11A 61;SAN BERNARDO
433;50C01502648;AAA0218BYZM;CL 5 10 67;SAN BERNARDO
434;50C00372816;AAA0032PXFZ;CL 6 12A 63;SAN BERNARDO
435;50C01434136;AAA0032TSCX;KR 11 4 80;SAN BERNARDO
436;50C01500445;AAA0032SOWW;CL 4A 11A 79;SAN BERNARDO
437;50C01431984;AAA0032TORU;CL 5 10A 12;SAN BERNARDO
438;50C00138179;AAA0032TWMS;CL 3A 10 70;SAN BERNARDO
439;50C00013357;AAA0032SPWF;CL 5 11A 15;SAN BERNARDO
440;50C01268006;AAA0032THAW;KR 11 3 43;SAN BERNARDO
441;50C01275397;AAA0032SRPP;KR 11 4 93;SAN BERNARDO
442;50C00085186;AAA0032TRXS;KR 11 4 24;SAN BERNARDO
443;50C00157002;AAA0032TONN;KR 10A 5 17;SAN BERNARDO
444;50C00172030;AAA0032SXOE;KR 11A 3 21;SAN BERNARDO
445;50C00501116;AAA0032SSAW;KR 11 4 29;SAN BERNARDO
446;50C01292963;AAA0032SNYX;KR 11 4 05;SAN BERNARDO
447;50C00561064;AAA0032PWSK;CL 5 12A 22;SAN BERNARDO
448;50C00530531;AAA0032PXEP;KR 14 5 58;SAN BERNARDO
449;50C00199550;AAA0032SBLW;KR 12 5 23;SAN BERNARDO
450;50C00063910;AAA0032SPNN;KR 12 4A 30;SAN BERNARDO
451;50C00226460;AAA0032PXDE;KR 14 5 48;SAN BERNARDO
452;50C00501671;AAA0032TPFZ;KR 11 5 56;SAN BERNARDO
453;50C00024154;AAA0032TSUZ;CL 5 10 47 IN 7;SAN BERNARDO
454;50C00145013;AAA0032TSRU;CL 5 10 57;SAN BERNARDO
455;50C00275776;AAA0032SOFZ;CL 4 11A 10 MJ;SAN BERNARDO
456;50C00307903;AAA0204DEZE;CL 5 10 47 IN 5;SAN BERNARDO
457;50C00320089;AAA0032TSTO;CL 5 10 47 IN 1 0;SAN BERNARDO
458;50C00360322;AAA0032TSWF;CL 5 10 47 IN 9 0;SAN BERNARDO
459;50C00481722;AAA0032TYEA;CL 3A 10 51;SAN BERNARDO
460;50C00828431;AAA0032TOHY;KR 10A 5 53;SAN BERNARDO
461;50C01253939;AAA0032TXPA;CL 3 10 54;SAN BERNARDO
462;50C01263494;AAA0032TSYX;CL 5 10 47 IN 13;SAN BERNARDO
463;50S00298191;AAA0000SJPA;KR 5A E 18 84 S;SAN BLAS
464;50C01053181;AAA0033PRRU;CL 9 SUR 3 09 ESTE;SOCIEGO
465;50S40109227;AAA0140DCJH;KR 79 BIS A 73D 20 SUR;SANTA CECILIA - BOSA
466;50C01934285;AAA0249BNUH;CL 9 12 56;SAN VICTORINO
467;50C00331319;AAA0223TJFZ;CL 9 11 38;SAN VICTORINO
468;50C01113780;AAA0030RHXS;CL 9 11 22;SAN VICTORINO
469;50C00182695;AAA0030RJDE;CL 9 11 48;SAN VICTORINO
470;50C01934237;AAA0249DFKC;KR 11 9 57;SAN VICTORINO
471;50C01884819;AAA0242OPHK;KR 13 9 70;SAN VICTORINO
472;50S40402358;AAA0186RBPA;EL UVAL EL RESVALON;USME 3
473;50S00462643;AAA0143NTZM;EL COMETA PTE EL UVAL;USME 3
474;50S00655231;AAA0143MYBR;LA ALCANCIA;USME 3
475;50S40054667;AAA0156LOYN;LA ESPERANZA;USME 3
476;50S00953908;AAA0146WYNX;KR 6H ESTE 114A 63 SUR;USME 3
477;50S00814949;AAA0142XXMR;EL BALCON EL UVAL;USME 3
478;50S00462639;AAA0143FDTO;LA ESCUELA EL UVAL;USME 3
479;50S40756153;AAA0269RLKC;USME;TRES QUEBRADAS UG_1
480;50S40756151;AAA0269RLFZ;UGI 1 - LOTE 2;TRES QUEBRADAS UG_1
481;50S40756150;AAA0269RLHK;UGI 1- LOTE 1;TRES QUEBRADAS UG_1
482;50S40716312;AAA0257ELYN;UGI 1 - LOTE 2;TRES QUEBRADAS UG_1
483;50S40756154;AAA0269RLJZ;UGI 1 PARQUE;TRES QUEBRADAS UG_1
484;50S40682185;AAA0246UXHK;CL 14 114A 56 SUR;TRES QUEBRADAS UG_1
485;50S40756152;AAA0269RLEP;UGI 1 - LOTE 3;TRES QUEBRADAS UG_1
486;50S40764276;AAA0291NCCN;KR 5 ESTE 110 11 SUR;TRES QUEBRADAS UG_2
487;50S01002542;AAA0143NTDM;AGUALINDA QUEBRADAS;TRES QUEBRADAS UG_9
488;50S00837577;AAA0145FXDM;TV 4D ESTE 99 20 SUR;USME 2 - IDIPRON
489;50S40409721;AAA0145FXEA;TV 4G BIS ESTE 100B 11 SUR E;USME 2 - IDIPRON
490;50C00238796;AAA0291BWJZ;CL 9 15A 70;VOTO NACIONAL
491;50C01390100;AA0233ZECN;CL 9 11-40;SAN VICTORINO
492;50C00241663;;CL 24 A 13 A 65;ESTACIÓN CENTRAL
493;50C00458635;;CL 24 13 A 42;ESTACIÓN CENTRAL
494;50C00488870;AAA0083NAPP;KR 20A 26 68;EDUARDO UMAÑA
495;50C01713051;AAA0083NARU;CL 27 19B 49 IN1;EDUARDO UMAÑA
496;50C01884820;AAA0242OPJZ;KR 13 9 04;SAN VICTORINO
497;50C01884821;AAA0242OPFZ;KR 12A 9 81;SAN VICTORINO
498;50C01884822 ;AAA0242OPKC;DG 9 BIS 12A 71;SAN VICTORINO
499;50S00468091;AAA0004DWJZ;CL 42 SUR 14 75 ESTE;C.A.S.C. - VIVIENDA - AOP5
500;50S40643527;AAA0264RTRU;CL 4 SUR 2A 66 ESTE;AREA DE OPORTUNIDAC BUENOS AIRES
501;50S00870014;AAA0000HBLW;CL 4 SUR 2A 60 ESTE;AREA DE OPORTUNIDAC BUENOS AIRES
502;50S00616000;AAA0000HBJH;CL 4 SUR 2A 74 ESTE;AREA DE OPORTUNIDAC BUENOS AIRES
